<?xml version="1.0" encoding="UTF-8"?>
<config chipVendor="" id="config.gdb.stub">
   <parameters>
      <xi:include xmlns:xs="http://www.w3.org/2001/XMLSchema"
                  xmlns:fn="http://www.w3.org/2005/xpath-functions"
                  xmlns:xi="http://www.w3.org/2001/XInclude"
                  href="platform:/plugin/com.crt.config/Data/dbgcfg/common_vector_catch.xml"/>
      <xi:include xmlns:xs="http://www.w3.org/2001/XMLSchema"
                  xmlns:fn="http://www.w3.org/2005/xpath-functions"
                  xmlns:xi="http://www.w3.org/2001/XInclude"
                  href="platform:/plugin/com.crt.config/Data/dbgcfg/common_semihost.xml"/>
      <xi:include xmlns:xs="http://www.w3.org/2001/XMLSchema"
                  xmlns:fn="http://www.w3.org/2005/xpath-functions"
                  xmlns:xi="http://www.w3.org/2001/XInclude"
                  href="platform:/plugin/com.crt.config/Data/dbgcfg/common_emu_speed.xml"/>
      <xi:include xmlns:xs="http://www.w3.org/2001/XMLSchema"
                  xmlns:fn="http://www.w3.org/2005/xpath-functions"
                  xmlns:xi="http://www.w3.org/2001/XInclude"
                  href="platform:/plugin/com.crt.config/Data/dbgcfg/common_options.xml"/>
      <xi:include xmlns:xs="http://www.w3.org/2001/XMLSchema"
                  xmlns:fn="http://www.w3.org/2005/xpath-functions"
                  xmlns:xi="http://www.w3.org/2001/XInclude"
                  href="platform:/plugin/com.crt.config/Data/dbgcfg/common_wiretype.xml"/>
      <xi:include xmlns:xs="http://www.w3.org/2001/XMLSchema"
                  xmlns:fn="http://www.w3.org/2005/xpath-functions"
                  xmlns:xi="http://www.w3.org/2001/XInclude"
                  href="platform:/plugin/com.crt.config/Data/dbgcfg/common_cache.xml"/>
      <param var="internal.core.index" mode="hidden" default=""/>
      <param var="vector.catch" mode="hidden" default="false"/>
      <initvalue var="vector.catch" value="false"/>
      <param var="internal.cache" mode="hidden" default="Disable"/>
      <initvalue var="internal.cache" value="Disable"/>
      <param var="internal.wiretype" mode="hidden" default="SWD*,JTAG"/>
      <initvalue var="internal.wiretype" value="SWD*,JTAG"/>
      <param var="internal.has_swo" mode="hidden" default="true"/>
      <initvalue var="internal.has_swo" value="true"/>
      <param var="internal.connect.script" mode="hidden" default="kinetisconnect.scp"/>
      <initvalue var="internal.connect.script" value="kinetisconnect.scp"/>
   </parameters>
   <script type="init" silent="false" emulators="${gdb.stub} -mi -info-emu">
set remotetimeout 60000
##target_extended_remote##
set mem inaccessible-by-default ${mem.access}
mon ondisconnect ${ondisconnect}
set arm force-mode thumb
${load}
        </script>
   <script type="run" silent="false" emulators="${gdb.stub} -mi -info-emu">
${run}
        </script>
</config>